关键词,帖子内容,帖子链接,帖子点赞数,帖子转发数,帖子评论数,图片视频链接,发布时间,发布者的id,发布者的姓名,发布人的账号类型,发布人的粉丝数,发布者的关注数,作者简介,ip归属地,性别,全部微博数量,微博标签,图片视频类型,博主分类,公司,大学,加入微博时间,信用,爬取时间,发布终端
香港大学,"2023年招生💁香港大学中医博士 ‼️
2023年招生
💁免联考，在职读香港大学中医博士，中医药学院有本硕博课程
💁院校简介
香港大学（The University of Hong Kong），简称 “港大”（HKU），是中华人民共和国香港特别行政区的一所综合性国际化公立研究型大学，有亚洲“常春藤”之称[1]。校训为 “明德格物” ，对应拉丁文为Sapientia Et Virtus。
💁院校排名
✅香港大学QS世界排名21位
✅香港大学中医药学院透过结合中医学与最新生物医学知识，致力提供优质的中医药教育、研究和临床服务。学院旨在提供优质教学，培育具备国际视野和中医药现代专业知识的毕业生中医药学院设有本科、修课式研究及研究式研究课程，学生能学习中医学知识、现代生命科学和执业所需技能，装备他们成为中西医协的医疗专才 ‼️
✅学院亦提供硕士及博士程度的研究生课程，以培育中医药领域的科学家
✅学院设有八间临床教研中心，作为学生、初级中医师及教学助理的临床培训基地，亦是门诊服务和临床研究的平台就中医不同范畴从事基础和临床研究，主要研究方向包括:
✅中医防治老年相关疾病
 ✅心血管脑血管疾病
✅中医治疗癌症及相关失调症
✅中医防治精神疾病
✅中医用于痛症管理
✅中药材质量控制
#中留服认证 ##中医博士##中医学专业 ##中医学考研##中医学硕 ##中医考研#",https://weibo.com/7769541873/Mmuhooyq5,0,0,0,None['https://wx1.sinaimg.cn/orj960/008tOcLvly1h9powvw7kvj30yi1frk5h'],2023-01-02 22:49:19,7769541873,免联考硕士博士,无认证,102,38,,IP属地：辽宁,女,1212,"视频累计播放量3,",图片,None,None,university,2022-07-04 15:19:15,信用一般,2024-03-18-20-47-18,"<a target=""_blank"" href=""https://app.weibo.com/t/feed/4X1BGO"" rel=""nofollow"">荣耀Play5</a>"
香港大学,"香港大学医学院教授、病毒学家金冬雁道歉了。
      金冬雁日前发文称，目前中华大地正在经历由奥密克戎引起的疫情大海啸。最早出现大海啸的北京应该已经度过感染高峰期，常常滞后5至10天的重症与死亡高峰很可能也已度过，但其他城市和地区仍处于上升或高峰期。疫情到来的猛烈程度确实出乎我的意料之外，其中一个误判可能是对疫苗实际接种率及疫苗防感染防重症效果的过高估计，特别是在最后一针已相隔很长时间以后。对此我深感抱歉。中国作为最后经历奥密克戎海啸的主要国家，完全有理由有条件做得比别人更好更漂亮。我们的确有过这样的期许，只是现实太残酷，离我们的期许我们的理想确实还有点远。
        那之前言之凿凿的科学结论是如何得出的呢？
       之前，金冬雁的观点是： 绝大多数奥密克戎感染者表现为典型的流感样症状，主要影响上呼吸道，与流感及普通感冒无异。不做抗原或核酸检测，已经很难区分新冠病毒、流感病毒或者其他引起普通感冒的鼻病毒或冠状病毒感染。奥密克戎的无症状感染及轻症的比例显著提高，占总感染人数的99.5%以上。奥密克戎的无症状感染及轻症占总感染人数的99.5%以上是根据香港地区、台湾地区、新加坡等地真实世界的统计数据得出的。收起",https://weibo.com/6045683828/Mmu6j4I71,4,0,1,None[],2023-01-02 22:22:00,6045683828,野村_51231,无认证,23,86,研究史学理论与史学史，关注国际政治军事科技经济。,,男,1474,None,图片,None,None,university,2016-10-15 10:35:29,信用较好,2024-03-18-20-47-19,微博网页版
香港大学,"#新传考研[超话]#
北大毕业能去哪儿？北大汇丰2022届全日制硕士毕业生就业报告出炉❗️❗️

2022年应届高校毕业生规模达到了1076万人，规模和增量都创历史新高，加之受疫情影响，经济下行压力加大，就业形势异常严峻。在这样的就业“寒冬”，北京大学汇丰商学院2022届全日制硕士毕业生的就业状况如何呢？[疑问]
近日，北京大学汇丰商学院发布了2022届全日制硕士毕业生就业报告～
根据报告，在全日制MA项目方面，应届毕业生近三年的初次就业率（截至每年5月数据）分别是95.4%、96.6%、97.6%。
截至2022年12月，2022届全日制MA项目289名毕业生中，有12名毕业生选择继续深造，去向包括：伦敦大学学院、北京大学、香港大学、约翰普金斯大学、复旦大学、香港科技大学、罗切斯特大学、埃默里大学、伊拉斯姆斯大学💡💡
共277人选择就业，就业率达到99.6%，其中就职证券公司/投资银行的占比最大，达到30%；40%的毕业生选择了北京，21%的毕业生就职于上海，26%就职于深圳；签约人数最多的单位包括中金公司、中信证券、华泰联合证券、国开行、美团、腾讯等知名机构。
在全日制MBA项目方面，30名2022届全日制MBA毕业生选择重新开启职业生涯，就业率高达100%。其中，进入金融而行业的硕士毕业生占比最多，达到26%，进入互联网行业和教育行业的各占17%，14%的硕士毕业生进入国家机关或事业单位，13%进入制造业，13%自主创业，其中一位目前已完成B轮融资。就业单位包括各大证券公司、国内龙头企业、省委组织部、深圳市标杆学校等。

#北大新传考研##新传考研##清华新传考研##新传#",https://weibo.com/5562976129/MmtOUuFfD,2,0,0,"None['https://wx1.sinaimg.cn/orj960/0064tGdrly1h9pmw0788yj30u027o4ia', 'https://wx1.sinaimg.cn/orj960/0064tGdrly1h9pmw17g3fj30u035vb29', 'https://wx1.sinaimg.cn/orj960/0064tGdrly1h9pmw21ntnj30u028hnmn', 'https://wx1.sinaimg.cn/orj960/0064tGdrly1h9pmw3hwvsj30u024ab29', 'https://wx1.sinaimg.cn/orj960/0064tGdrly1h9pmw4ui6ej30u02uwb2a', 'https://wx1.sinaimg.cn/orj960/0064tGdrly1h9pmw67o2gj30zk3647wi']",2023-01-02 21:39:09,5562976129,胡师姐北大新传考研,黄V,33613,108,胡师姐新传考研丨陪伴你走入名校的每一步！专业从事新传考研/保研/考博辅导10年！  分享北大备考资料和优质经验。,IP属地：陕西,女,5662,"视频累计播放量6.3万,",图片,教育博主,None,北京大学,2015-03-19 10:08:56,信用极好,2024-03-18-20-47-20,"<a target=""_blank"" href=""https://app.weibo.com/t/feed/22Arqb"" rel=""nofollow"">HUAWEI P30</a>"
香港大学,"可以通过保录取申请的国家和院校： 
美国研究生留学申请                   
卡耐基梅隆大学：核物理 
英国研究生留学申请     
伦敦国王学院：航空工程 
  
保录取可以对申请人条件放宽的，也可以帮你去到名校！利用靠谱留学机构的人脉与实力，通过合法合规的方式。使得原本离名校录取标准有一定差距的同学，也能顺利入学。有对保录取感兴趣的同学可以问我~#香港留学##香港大学##新加坡留学##艺术申请时间攻略要求中介机构？#",https://weibo.com/5756708402/MmtLnvYcH,0,0,1,None[],2023-01-02 21:30:27,5756708402,留学中介拔草姬,无认证,345,98,你想了解的留学知识详解，都在这里，有任何问题欢迎来问学姐~,IP属地：四川,女,30589,"视频累计播放量160,",图片,None,None,university,2015-11-12 20:03:25,信用较好,2024-03-18-20-47-21,微博 weibo.com
香港大学,"-分享茶水间|香港留学
在服务学生文书时，我们老师总结了一下香港前三：香港大学/香港中文大学/香港科技大学文书要求汇总~
感兴趣的UU欢迎后台滴滴~
留学申请有UU，安心100%[上岸] ",https://weibo.com/7164118146/MmtH8vz0w,3,0,0,"None['https://wx1.sinaimg.cn/orj960/007OPUoGly1h9ihfjzpdbj30n00v678b', 'https://wx1.sinaimg.cn/orj960/007OPUoGly1h9ihfk7nqmj30n00us78q', 'https://wx1.sinaimg.cn/orj960/007OPUoGly1h9ihfkcq0oj30n00thdjo', 'https://wx1.sinaimg.cn/orj960/007OPUoGly1h9ihfkjelxj30n00sq42b', 'https://wx1.sinaimg.cn/orj960/007OPUoGly1h9ihfkpttuj30n00ryq6b', 'https://wx1.sinaimg.cn/orj960/007OPUoGly1h9ihfkv5lkj30n00umgqi']",2023-01-02 21:20:00,7164118146,考研uu的茶水间,黄V,208892,180,关于考研机构如何避坑，节省时间，找到靠谱的机构,IP属地：四川,女,4207,"获赞赏次数4,视频累计播放量238.5万,",图片,教育博主,None,university,2019-05-27 22:14:23,信用极好,2024-03-18-20-47-22,微博网页版
